phone_number,first_name,last_name,email,company,reason_for_call,priority,region
+61255500001,James,Smith,james.smith@testmail.com,Acme Corp,Product inquiry,high,NSW
+61255500002,Emma,Johnson,emma.johnson@testmail.com,Global Tech,Service follow-up,medium,NSW
+61255500003,Oliver,Williams,oliver.williams@testmail.com,Blue Sky Ltd,Account verification,low,NSW
+61255500004,Charlotte,Brown,charlotte.brown@testmail.com,Summit Industries,Sales call,high,NSW
+61255500005,William,Jones,william.jones@testmail.com,Horizon Group,Customer feedback,medium,NSW
+61255500006,Amelia,Davis,amelia.davis@testmail.com,Pacific Solutions,Appointment reminder,low,NSW
+61255500007,Jack,Miller,jack.miller@testmail.com,Metro Services,Billing inquiry,high,NSW
+61255500008,Mia,Wilson,mia.wilson@testmail.com,Prime Logistics,Order confirmation,medium,NSW
+61255500009,Noah,Taylor,noah.taylor@testmail.com,Coast Enterprises,Support request,low,NSW
+61255500010,Isabella,Anderson,isabella.anderson@testmail.com,Valley Corp,Renewal notice,high,NSW
+61255500011,Lucas,Thomas,lucas.thomas@testmail.com,Peak Performance,Product demo,medium,NSW
+61255500012,Sophia,Jackson,sophia.jackson@testmail.com,River Industries,Contract review,low,NSW
+61255500013,Liam,White,liam.white@testmail.com,Mountain Tech,Technical support,high,NSW
+61255500014,Ava,Harris,ava.harris@testmail.com,Ocean Ventures,Sales inquiry,medium,NSW
+61255500015,Ethan,Martin,ethan.martin@testmail.com,Forest Solutions,Account update,low,NSW
+61255500016,Grace,Thompson,grace.thompson@testmail.com,Lake Services,Payment reminder,high,NSW
+61255500017,Mason,Garcia,mason.garcia@testmail.com,Sky Holdings,Product inquiry,medium,NSW
+61255500018,Chloe,Martinez,chloe.martinez@testmail.com,Star Industries,Service follow-up,low,NSW
+61255500019,Logan,Robinson,logan.robinson@testmail.com,Moon Enterprises,Account verification,high,NSW
+61255500020,Lily,Clark,lily.clark@testmail.com,Sun Corp,Sales call,medium,NSW
+61255500021,Alexander,Rodriguez,alexander.rodriguez@testmail.com,Cloud Tech,Customer feedback,low,NSW
+61255500022,Zoe,Lewis,zoe.lewis@testmail.com,Wind Power,Appointment reminder,high,NSW
+61255500023,Benjamin,Lee,benjamin.lee@testmail.com,Wave Solutions,Billing inquiry,medium,NSW
+61255500024,Harper,Walker,harper.walker@testmail.com,Fire Services,Order confirmation,low,NSW
+61255500025,Henry,Hall,henry.hall@testmail.com,Earth Industries,Support request,high,NSW
+61255500026,Ella,Allen,ella.allen@testmail.com,Stone Corp,Renewal notice,medium,NSW
+61255500027,Sebastian,Young,sebastian.young@testmail.com,Metal Tech,Product demo,low,NSW
+61255500028,Aria,King,aria.king@testmail.com,Glass Ventures,Contract review,high,NSW
+61255500029,Daniel,Wright,daniel.wright@testmail.com,Wood Solutions,Technical support,medium,NSW
+61255500030,Scarlett,Scott,scarlett.scott@testmail.com,Paper Services,Sales inquiry,low,NSW
+61255500031,Matthew,Green,matthew.green@testmail.com,Plastic Holdings,Account update,high,NSW
+61255500032,Victoria,Baker,victoria.baker@testmail.com,Rubber Industries,Payment reminder,medium,NSW
+61255500033,Joseph,Adams,joseph.adams@testmail.com,Cotton Enterprises,Product inquiry,low,NSW
+61255500034,Luna,Nelson,luna.nelson@testmail.com,Silk Corp,Service follow-up,high,NSW
+61255500035,David,Hill,david.hill@testmail.com,Wool Tech,Account verification,medium,NSW
+61255500036,Penelope,Ramirez,penelope.ramirez@testmail.com,Linen Solutions,Sales call,low,NSW
+61255500037,Samuel,Campbell,samuel.campbell@testmail.com,Leather Services,Customer feedback,high,NSW
+61255500038,Layla,Mitchell,layla.mitchell@testmail.com,Denim Holdings,Appointment reminder,medium,NSW
+61255500039,Andrew,Roberts,andrew.roberts@testmail.com,Canvas Industries,Billing inquiry,low,NSW
+61255500040,Riley,Carter,riley.carter@testmail.com,Velvet Enterprises,Order confirmation,high,NSW
+61255500041,Owen,Phillips,owen.phillips@testmail.com,Satin Corp,Support request,medium,NSW
+61255500042,Nora,Evans,nora.evans@testmail.com,Lace Tech,Renewal notice,low,NSW
+61255500043,Gabriel,Turner,gabriel.turner@testmail.com,Tweed Ventures,Product demo,high,NSW
+61255500044,Hazel,Torres,hazel.torres@testmail.com,Felt Solutions,Contract review,medium,NSW
+61255500045,Wyatt,Parker,wyatt.parker@testmail.com,Mesh Services,Technical support,low,NSW
+61255500046,Eleanor,Collins,eleanor.collins@testmail.com,Net Holdings,Sales inquiry,high,NSW
+61255500047,Dylan,Edwards,dylan.edwards@testmail.com,Grid Industries,Account update,medium,NSW
+61255500048,Audrey,Stewart,audrey.stewart@testmail.com,Link Enterprises,Payment reminder,low,NSW
+61255500049,Leo,Sanchez,leo.sanchez@testmail.com,Chain Corp,Product inquiry,high,NSW
+61255500050,Stella,Morris,stella.morris@testmail.com,Node Tech,Service follow-up,medium,NSW
+61270100001,Caleb,Rogers,caleb.rogers@testmail.com,Hub Solutions,Account verification,low,NSW
+61270100002,Violet,Reed,violet.reed@testmail.com,Core Services,Sales call,high,NSW
+61270100003,Isaac,Cook,isaac.cook@testmail.com,Base Holdings,Customer feedback,medium,NSW
+61270100004,Aurora,Morgan,aurora.morgan@testmail.com,Root Industries,Appointment reminder,low,NSW
+61270100005,Nathan,Bell,nathan.bell@testmail.com,Branch Enterprises,Billing inquiry,high,NSW
+61270100006,Savannah,Murphy,savannah.murphy@testmail.com,Leaf Corp,Order confirmation,medium,NSW
+61270100007,Eli,Bailey,eli.bailey@testmail.com,Stem Tech,Support request,low,NSW
+61270100008,Claire,Rivera,claire.rivera@testmail.com,Trunk Ventures,Renewal notice,high,NSW
+61270100009,Isaiah,Cooper,isaiah.cooper@testmail.com,Bark Solutions,Product demo,medium,NSW
+61270100010,Natalie,Richardson,natalie.richardson@testmail.com,Seed Services,Contract review,low,NSW
+61270100011,Lincoln,Cox,lincoln.cox@testmail.com,Bloom Holdings,Technical support,high,NSW
+61270100012,Hannah,Howard,hannah.howard@testmail.com,Petal Industries,Sales inquiry,medium,NSW
+61270100013,Anthony,Ward,anthony.ward@testmail.com,Flower Enterprises,Account update,low,NSW
+61270100014,Addison,Torres,addison.torres@testmail.com,Garden Corp,Payment reminder,high,NSW
+61270100015,Ryan,Peterson,ryan.peterson@testmail.com,Field Tech,Product inquiry,medium,NSW
+61270100016,Brooklyn,Gray,brooklyn.gray@testmail.com,Farm Solutions,Service follow-up,low,NSW
+61270100017,Jaxon,Ramirez,jaxon.ramirez@testmail.com,Ranch Services,Account verification,high,NSW
+61270100018,Leah,James,leah.james@testmail.com,Meadow Holdings,Sales call,medium,NSW
+61270100019,Adam,Watson,adam.watson@testmail.com,Prairie Industries,Customer feedback,low,NSW
+61270100020,Madelyn,Brooks,madelyn.brooks@testmail.com,Plains Enterprises,Appointment reminder,high,NSW
+61270100021,Nicholas,Kelly,nicholas.kelly@testmail.com,Valley Corp,Billing inquiry,medium,NSW
+61270100022,Aaliyah,Sanders,aaliyah.sanders@testmail.com,Ridge Tech,Order confirmation,low,NSW
+61270100023,Robert,Price,robert.price@testmail.com,Peak Ventures,Support request,high,NSW
+61270100024,Bella,Bennett,bella.bennett@testmail.com,Summit Solutions,Renewal notice,medium,NSW
+61270100025,Aiden,Wood,aiden.wood@testmail.com,Crest Services,Product demo,low,NSW
+61270100026,Skylar,Barnes,skylar.barnes@testmail.com,Hill Holdings,Contract review,high,NSW
+61270100027,Joshua,Ross,joshua.ross@testmail.com,Mountain Industries,Technical support,medium,NSW
+61270100028,Camila,Henderson,camila.henderson@testmail.com,Cliff Enterprises,Sales inquiry,low,NSW
+61270100029,Christopher,Coleman,christopher.coleman@testmail.com,Shore Corp,Account update,high,NSW
+61270100030,Elizabeth,Jenkins,elizabeth.jenkins@testmail.com,Beach Tech,Payment reminder,medium,NSW
+61270100031,Jackson,Perry,jackson.perry@testmail.com,Coast Solutions,Product inquiry,low,NSW
+61270100032,Mila,Powell,mila.powell@testmail.com,Bay Services,Service follow-up,high,NSW
+61270100033,Luke,Long,luke.long@testmail.com,Harbor Holdings,Account verification,medium,NSW
+61270100034,Eva,Patterson,eva.patterson@testmail.com,Port Industries,Sales call,low,NSW
+61270100035,Grayson,Hughes,grayson.hughes@testmail.com,Dock Enterprises,Customer feedback,high,NSW
+61270100036,Kennedy,Flores,kennedy.flores@testmail.com,Marina Corp,Appointment reminder,medium,NSW
+61270100037,Carter,Washington,carter.washington@testmail.com,Pier Tech,Billing inquiry,low,NSW
+61270100038,Emilia,Butler,emilia.butler@testmail.com,Wharf Ventures,Order confirmation,high,NSW
+61270100039,Jayden,Simmons,jayden.simmons@testmail.com,Jetty Solutions,Support request,medium,NSW
+61270100040,Naomi,Foster,naomi.foster@testmail.com,Quay Services,Renewal notice,low,NSW
+61270100041,Julian,Gonzales,julian.gonzales@testmail.com,Anchor Holdings,Product demo,high,NSW
+61270100042,Ruby,Bryant,ruby.bryant@testmail.com,Sail Industries,Contract review,medium,NSW
+61270100043,Hunter,Alexander,hunter.alexander@testmail.com,Wave Enterprises,Technical support,low,NSW
+61270100044,Alice,Russell,alice.russell@testmail.com,Tide Corp,Sales inquiry,high,NSW
+61270100045,Adrian,Griffin,adrian.griffin@testmail.com,Current Tech,Account update,medium,NSW
+61270100046,Kinsley,Diaz,kinsley.diaz@testmail.com,Stream Solutions,Payment reminder,low,NSW
+61270100047,Christian,Hayes,christian.hayes@testmail.com,River Services,Product inquiry,high,NSW
+61270100048,Madeline,Myers,madeline.myers@testmail.com,Creek Holdings,Service follow-up,medium,NSW
+61270100049,Thomas,Ford,thomas.ford@testmail.com,Brook Industries,Account verification,low,NSW
+61270100050,Valentina,Hamilton,valentina.hamilton@testmail.com,Spring Enterprises,Sales call,high,NSW
+61355500001,Connor,Graham,connor.graham@testmail.com,Well Corp,Customer feedback,medium,VIC
+61355500002,Piper,Sullivan,piper.sullivan@testmail.com,Pond Tech,Appointment reminder,low,VIC
+61355500003,Dominic,Wallace,dominic.wallace@testmail.com,Lake Ventures,Billing inquiry,high,VIC
+61355500004,Willow,West,willow.west@testmail.com,Pool Solutions,Order confirmation,medium,VIC
+61355500005,Miles,Cole,miles.cole@testmail.com,Ocean Services,Support request,low,VIC
+61355500006,Paisley,Jordan,paisley.jordan@testmail.com,Sea Holdings,Renewal notice,high,VIC
+61355500007,Ezra,Owens,ezra.owens@testmail.com,Gulf Industries,Product demo,medium,VIC
+61355500008,Genesis,Reynolds,genesis.reynolds@testmail.com,Bay Enterprises,Contract review,low,VIC
+61355500009,Austin,Fisher,austin.fisher@testmail.com,Inlet Corp,Technical support,high,VIC
+61355500010,Evelyn,Ellis,evelyn.ellis@testmail.com,Cove Tech,Sales inquiry,medium,VIC
+61355500011,Jose,Harrison,jose.harrison@testmail.com,Cape Solutions,Account update,low,VIC
+61355500012,Serenity,Gibson,serenity.gibson@testmail.com,Point Services,Payment reminder,high,VIC
+61355500013,Jason,McDonald,jason.mcdonald@testmail.com,Bluff Holdings,Product inquiry,medium,VIC
+61355500014,Autumn,Cruz,autumn.cruz@testmail.com,Cliff Industries,Service follow-up,low,VIC
+61355500015,Ian,Marshall,ian.marshall@testmail.com,Ledge Enterprises,Account verification,high,VIC
+61355500016,Peyton,Ortiz,peyton.ortiz@testmail.com,Rock Corp,Sales call,medium,VIC
+61355500017,Aaron,Gomez,aaron.gomez@testmail.com,Stone Tech,Customer feedback,low,VIC
+61355500018,Lillian,Murray,lillian.murray@testmail.com,Boulder Ventures,Appointment reminder,high,VIC
+61355500019,Charles,Freeman,charles.freeman@testmail.com,Pebble Solutions,Billing inquiry,medium,VIC
+61355500020,Samantha,Wells,samantha.wells@testmail.com,Gravel Services,Order confirmation,low,VIC
+61355500021,Jonathan,Webb,jonathan.webb@testmail.com,Sand Holdings,Support request,high,VIC
+61355500022,Caroline,Simpson,caroline.simpson@testmail.com,Dust Industries,Renewal notice,medium,VIC
+61355500023,Kevin,Stevens,kevin.stevens@testmail.com,Dirt Enterprises,Product demo,low,VIC
+61355500024,Lydia,Tucker,lydia.tucker@testmail.com,Clay Corp,Contract review,high,VIC
+61355500025,Bryan,Porter,bryan.porter@testmail.com,Mud Tech,Technical support,medium,VIC
+61355500026,Gianna,Hunter,gianna.hunter@testmail.com,Silt Ventures,Sales inquiry,low,VIC
+61355500027,Jeremiah,Hicks,jeremiah.hicks@testmail.com,Loam Solutions,Account update,high,VIC
+61355500028,Julia,Crawford,julia.crawford@testmail.com,Soil Services,Payment reminder,medium,VIC
+61355500029,Patrick,Henry,patrick.henry@testmail.com,Humus Holdings,Product inquiry,low,VIC
+61355500030,Gabriella,Boyd,gabriella.boyd@testmail.com,Compost Industries,Service follow-up,high,VIC
+61355500031,Brody,Mason,brody.mason@testmail.com,Mulch Enterprises,Account verification,medium,VIC
+61355500032,Ivy,Morales,ivy.morales@testmail.com,Bark Corp,Sales call,low,VIC
+61355500033,Kyle,Kennedy,kyle.kennedy@testmail.com,Chip Tech,Customer feedback,high,VIC
+61355500034,Faith,Warren,faith.warren@testmail.com,Shred Ventures,Appointment reminder,medium,VIC
+61355500035,Kayden,Dixon,kayden.dixon@testmail.com,Pulp Solutions,Billing inquiry,low,VIC
+61355500036,Alexandra,Ramos,alexandra.ramos@testmail.com,Fiber Services,Order confirmation,high,VIC
+61355500037,Zachary,Reyes,zachary.reyes@testmail.com,Thread Holdings,Support request,medium,VIC
+61355500038,Ariana,Burns,ariana.burns@testmail.com,Yarn Industries,Renewal notice,low,VIC
+61355500039,Jesse,Gordon,jesse.gordon@testmail.com,Rope Enterprises,Product demo,high,VIC
+61355500040,Sara,Shaw,sara.shaw@testmail.com,Cord Corp,Contract review,medium,VIC
+61355500041,Brandon,Holmes,brandon.holmes@testmail.com,Cable Tech,Technical support,low,VIC
+61355500042,Sophie,Rice,sophie.rice@testmail.com,Wire Ventures,Sales inquiry,high,VIC
+61355500043,George,Robertson,george.robertson@testmail.com,Line Solutions,Account update,medium,VIC
+61355500044,Trinity,Hunt,trinity.hunt@testmail.com,Band Services,Payment reminder,low,VIC
+61355500045,Jose,Black,jose.black@testmail.com,Strap Holdings,Product inquiry,high,VIC
+61355500046,Reagan,Daniels,reagan.daniels@testmail.com,Belt Industries,Service follow-up,medium,VIC
+61355500047,Timothy,Palmer,timothy.palmer@testmail.com,Buckle Enterprises,Account verification,low,VIC
+61355500048,Andrea,Mills,andrea.mills@testmail.com,Clasp Corp,Sales call,high,VIC
+61355500049,Xavier,Nichols,xavier.nichols@testmail.com,Hook Tech,Customer feedback,medium,VIC
+61355500050,Katherine,Grant,katherine.grant@testmail.com,Clip Ventures,Appointment reminder,low,VIC
+61370100001,Kevin,Knight,kevin.knight@testmail.com,Pin Solutions,Billing inquiry,high,VIC
+61370100002,Maria,Ferguson,maria.ferguson@testmail.com,Needle Services,Order confirmation,medium,VIC
+61370100003,Tyler,Rose,tyler.rose@testmail.com,Stitch Holdings,Support request,low,VIC
+61370100004,Anna,Stone,anna.stone@testmail.com,Seam Industries,Renewal notice,high,VIC
+61370100005,Evan,Hawkins,evan.hawkins@testmail.com,Hem Enterprises,Product demo,medium,VIC
+61370100006,Sydney,Dunn,sydney.dunn@testmail.com,Cuff Corp,Contract review,low,VIC
+61370100007,Max,Perkins,max.perkins@testmail.com,Collar Tech,Technical support,high,VIC
+61370100008,Molly,Hudson,molly.hudson@testmail.com,Pocket Ventures,Sales inquiry,medium,VIC
+61370100009,Blake,Spencer,blake.spencer@testmail.com,Zipper Solutions,Account update,low,VIC
+61370100010,Abigail,Gardner,abigail.gardner@testmail.com,Button Services,Payment reminder,high,VIC
+61370100011,Justin,Stephens,justin.stephens@testmail.com,Snap Holdings,Product inquiry,medium,VIC
+61370100012,Aubrey,Payne,aubrey.payne@testmail.com,Velcro Industries,Service follow-up,low,VIC
+61370100013,Derek,Pierce,derek.pierce@testmail.com,Latch Enterprises,Account verification,high,VIC
+61370100014,Avery,Berry,avery.berry@testmail.com,Lock Corp,Sales call,medium,VIC
+61370100015,Paul,Matthews,paul.matthews@testmail.com,Key Tech,Customer feedback,low,VIC
+61370100016,Peyton,Arnold,peyton.arnold@testmail.com,Bolt Ventures,Appointment reminder,high,VIC
+61370100017,Vincent,Wagner,vincent.wagner@testmail.com,Screw Solutions,Billing inquiry,medium,VIC
+61370100018,Jade,Harvey,jade.harvey@testmail.com,Nail Services,Order confirmation,low,VIC
+61370100019,Cole,Burton,cole.burton@testmail.com,Rivet Holdings,Support request,high,VIC
+61370100020,Lauren,Nguyen,lauren.nguyen@testmail.com,Anchor Industries,Renewal notice,medium,VIC
+61370100021,Scott,Kelley,scott.kelley@testmail.com,Clamp Enterprises,Product demo,low,VIC
+61370100022,Brooke,George,brooke.george@testmail.com,Vice Corp,Contract review,high,VIC
+61370100023,Richard,Jacobs,richard.jacobs@testmail.com,Grip Tech,Technical support,medium,VIC
+61370100024,Nicole,Reid,nicole.reid@testmail.com,Hold Ventures,Sales inquiry,low,VIC
+61370100025,Eric,Kim,eric.kim@testmail.com,Catch Solutions,Account update,high,VIC
+61370100026,Morgan,Medina,morgan.medina@testmail.com,Grasp Services,Payment reminder,medium,VIC
+61370100027,Steven,Aguilar,steven.aguilar@testmail.com,Clutch Holdings,Product inquiry,low,VIC
+61370100028,Catherine,Stevens,catherine.stevens@testmail.com,Seize Industries,Service follow-up,high,VIC
+61370100029,Gavin,Tucker,gavin.tucker@testmail.com,Grab Enterprises,Account verification,medium,VIC
+61370100030,Rachel,Simpson,rachel.simpson@testmail.com,Snag Corp,Sales call,low,VIC
+61370100031,Edward,Porter,edward.porter@testmail.com,Nab Tech,Customer feedback,high,VIC
+61370100032,Sadie,Hunter,sadie.hunter@testmail.com,Fetch Ventures,Appointment reminder,medium,VIC
+61370100033,Marcus,Hicks,marcus.hicks@testmail.com,Get Solutions,Billing inquiry,low,VIC
+61370100034,Isabelle,Crawford,isabelle.crawford@testmail.com,Take Services,Order confirmation,high,VIC
+61370100035,Bryan,Henry,bryan.henry@testmail.com,Pick Holdings,Support request,medium,VIC
+61370100036,Jasmine,Boyd,jasmine.boyd@testmail.com,Choose Industries,Renewal notice,low,VIC
+61370100037,Elijah,Mason,elijah.mason@testmail.com,Select Enterprises,Product demo,high,VIC
+61370100038,Brianna,Morales,brianna.morales@testmail.com,Opt Corp,Contract review,medium,VIC
+61370100039,Chase,Kennedy,chase.kennedy@testmail.com,Elect Tech,Technical support,low,VIC
+61370100040,Lily,Warren,lily.warren@testmail.com,Vote Ventures,Sales inquiry,high,VIC
+61370100041,Peter,Dixon,peter.dixon@testmail.com,Ballot Solutions,Account update,medium,VIC
+61370100042,Alexis,Ramos,alexis.ramos@testmail.com,Poll Services,Payment reminder,low,VIC
+61370100043,Shane,Reyes,shane.reyes@testmail.com,Survey Holdings,Product inquiry,high,VIC
+61370100044,Paige,Burns,paige.burns@testmail.com,Census Industries,Service follow-up,medium,VIC
+61370100045,Grant,Gordon,grant.gordon@testmail.com,Count Enterprises,Account verification,low,VIC
+61370100046,Melody,Shaw,melody.shaw@testmail.com,Tally Corp,Sales call,high,VIC
+61370100047,Keith,Holmes,keith.holmes@testmail.com,Score Tech,Customer feedback,medium,VIC
+61370100048,Summer,Rice,summer.rice@testmail.com,Total Ventures,Appointment reminder,low,VIC
+61370100049,Marcus,Robertson,marcus.robertson@testmail.com,Sum Solutions,Billing inquiry,high,VIC
+61370100050,Dakota,Hunt,dakota.hunt@testmail.com,Add Services,Order confirmation,medium,VIC
+61255500051,Travis,Black,travis.black@testmail.com,Plus Holdings,Support request,low,NSW
+61255500052,Destiny,Daniels,destiny.daniels@testmail.com,Minus Industries,Renewal notice,high,NSW
+61255500053,Russell,Palmer,russell.palmer@testmail.com,Times Enterprises,Product demo,medium,NSW
+61255500054,Jocelyn,Mills,jocelyn.mills@testmail.com,Divide Corp,Contract review,low,NSW
+61255500055,Victor,Nichols,victor.nichols@testmail.com,Equal Tech,Technical support,high,NSW
+61255500056,Jordan,Grant,jordan.grant@testmail.com,Greater Ventures,Sales inquiry,medium,NSW
+61255500057,Francisco,Knight,francisco.knight@testmail.com,Lesser Solutions,Account update,low,NSW
+61255500058,Alexa,Ferguson,alexa.ferguson@testmail.com,Most Services,Payment reminder,high,NSW
+61255500059,Ray,Rose,ray.rose@testmail.com,Least Holdings,Product inquiry,medium,NSW
+61255500060,Diana,Stone,diana.stone@testmail.com,Few Industries,Service follow-up,low,NSW
+61255500061,Spencer,Hawkins,spencer.hawkins@testmail.com,Many Enterprises,Account verification,high,NSW
+61255500062,Clara,Dunn,clara.dunn@testmail.com,Some Corp,Sales call,medium,NSW
+61255500063,Axel,Perkins,axel.perkins@testmail.com,All Tech,Customer feedback,low,NSW
+61255500064,Eliana,Hudson,eliana.hudson@testmail.com,None Ventures,Appointment reminder,high,NSW
+61255500065,Maxwell,Spencer,maxwell.spencer@testmail.com,Every Solutions,Billing inquiry,medium,NSW
+61255500066,Phoebe,Gardner,phoebe.gardner@testmail.com,Each Services,Order confirmation,low,NSW
+61255500067,Oscar,Stephens,oscar.stephens@testmail.com,Both Holdings,Support request,high,NSW
+61255500068,Margaret,Payne,margaret.payne@testmail.com,Either Industries,Renewal notice,medium,NSW
+61255500069,Graham,Pierce,graham.pierce@testmail.com,Neither Enterprises,Product demo,low,NSW
+61255500070,Fiona,Berry,fiona.berry@testmail.com,Other Corp,Contract review,high,NSW
+61255500071,Warren,Matthews,warren.matthews@testmail.com,Another Tech,Technical support,medium,NSW
+61255500072,Daisy,Arnold,daisy.arnold@testmail.com,Such Ventures,Sales inquiry,low,NSW
+61255500073,Simon,Wagner,simon.wagner@testmail.com,What Solutions,Account update,high,NSW
+61255500074,Rose,Harvey,rose.harvey@testmail.com,Which Services,Payment reminder,medium,NSW
+61255500075,Dale,Burton,dale.burton@testmail.com,Who Holdings,Product inquiry,low,NSW
+61255500076,Vera,Nguyen,vera.nguyen@testmail.com,Whom Industries,Service follow-up,high,NSW
+61255500077,Howard,Kelley,howard.kelley@testmail.com,Whose Enterprises,Account verification,medium,NSW
+61255500078,Iris,George,iris.george@testmail.com,That Corp,Sales call,low,NSW
+61255500079,Felix,Jacobs,felix.jacobs@testmail.com,This Tech,Customer feedback,high,NSW
+61255500080,Lena,Reid,lena.reid@testmail.com,These Ventures,Appointment reminder,medium,NSW
+61255500081,Bruce,Kim,bruce.kim@testmail.com,Those Solutions,Billing inquiry,low,NSW
+61255500082,Helen,Medina,helen.medina@testmail.com,Here Services,Order confirmation,high,NSW
+61255500083,Ralph,Aguilar,ralph.aguilar@testmail.com,There Holdings,Support request,medium,NSW
+61255500084,Tessa,Stevens,tessa.stevens@testmail.com,Where Industries,Renewal notice,low,NSW
+61255500085,Craig,Tucker,craig.tucker@testmail.com,When Enterprises,Product demo,high,NSW
+61255500086,Gemma,Simpson,gemma.simpson@testmail.com,Why Corp,Contract review,medium,NSW
+61255500087,Neil,Porter,neil.porter@testmail.com,How Tech,Technical support,low,NSW
+61255500088,Amber,Hunter,amber.hunter@testmail.com,If Ventures,Sales inquiry,high,NSW
+61255500089,Hugh,Hicks,hugh.hicks@testmail.com,Then Solutions,Account update,medium,NSW
+61255500090,Leslie,Crawford,leslie.crawford@testmail.com,Else Services,Payment reminder,low,NSW
+61255500091,Wade,Henry,wade.henry@testmail.com,So Holdings,Product inquiry,high,NSW
+61255500092,Paula,Boyd,paula.boyd@testmail.com,Yet Industries,Service follow-up,medium,NSW
+61255500093,Troy,Mason,troy.mason@testmail.com,Still Enterprises,Account verification,low,NSW
+61255500094,Olivia,Morales,olivia.morales@testmail.com,Also Corp,Sales call,high,NSW
+61255500095,Glen,Kennedy,glen.kennedy@testmail.com,Just Tech,Customer feedback,medium,NSW
+61255500096,Beth,Warren,beth.warren@testmail.com,Only Ventures,Appointment reminder,low,NSW
+61255500097,Kurt,Dixon,kurt.dixon@testmail.com,Even Solutions,Billing inquiry,high,NSW
+61255500098,Nina,Ramos,nina.ramos@testmail.com,Already Services,Order confirmation,medium,NSW
+61255500099,Clyde,Reyes,clyde.reyes@testmail.com,Again Holdings,Support request,low,NSW
+61255500100,Jean,Burns,jean.burns@testmail.com,Soon Industries,Renewal notice,high,NSW
+61270100051,Rex,Gordon,rex.gordon@testmail.com,Now Enterprises,Product demo,medium,NSW
+61270100052,Sue,Shaw,sue.shaw@testmail.com,Never Corp,Contract review,low,NSW
+61270100053,Roy,Holmes,roy.holmes@testmail.com,Always Tech,Technical support,high,NSW
+61270100054,Ann,Rice,ann.rice@testmail.com,Often Ventures,Sales inquiry,medium,NSW
+61270100055,Lee,Robertson,lee.robertson@testmail.com,Sometimes Solutions,Account update,low,NSW
+61270100056,Kay,Hunt,kay.hunt@testmail.com,Usually Services,Payment reminder,high,NSW
+61270100057,Don,Black,don.black@testmail.com,Rarely Holdings,Product inquiry,medium,NSW
+61270100058,Joy,Daniels,joy.daniels@testmail.com,Seldom Industries,Service follow-up,low,NSW
+61270100059,Guy,Palmer,guy.palmer@testmail.com,Hardly Enterprises,Account verification,high,NSW
+61270100060,May,Mills,may.mills@testmail.com,Barely Corp,Sales call,medium,NSW
+61270100061,Jay,Nichols,jay.nichols@testmail.com,Almost Tech,Customer feedback,low,NSW
+61270100062,Eve,Grant,eve.grant@testmail.com,Nearly Ventures,Appointment reminder,high,NSW
+61270100063,Ian,Knight,ian.knight@testmail.com,Quite Solutions,Billing inquiry,medium,NSW
+61270100064,Ivy,Ferguson,ivy.ferguson@testmail.com,Rather Services,Order confirmation,low,NSW
+61270100065,Max,Rose,max.rose@testmail.com,Very Holdings,Support request,high,NSW
+61270100066,Amy,Stone,amy.stone@testmail.com,Too Industries,Renewal notice,medium,NSW
+61270100067,Ben,Hawkins,ben.hawkins@testmail.com,Much Enterprises,Product demo,low,NSW
+61270100068,Kim,Dunn,kim.dunn@testmail.com,More Corp,Contract review,high,NSW
+61270100069,Sam,Perkins,sam.perkins@testmail.com,Less Tech,Technical support,medium,NSW
+61270100070,Zoe,Hudson,zoe.hudson@testmail.com,Most Ventures,Sales inquiry,low,NSW
+61270100071,Tim,Spencer,tim.spencer@testmail.com,Least Solutions,Account update,high,NSW
+61270100072,Val,Gardner,val.gardner@testmail.com,Best Services,Payment reminder,medium,NSW
+61270100073,Dan,Stephens,dan.stephens@testmail.com,Worst Holdings,Product inquiry,low,NSW
+61270100074,Pat,Payne,pat.payne@testmail.com,First Industries,Service follow-up,high,NSW
+61270100075,Joe,Pierce,joe.pierce@testmail.com,Last Enterprises,Account verification,medium,NSW
+61270100076,Meg,Berry,meg.berry@testmail.com,Next Corp,Sales call,low,NSW
+61270100077,Ken,Matthews,ken.matthews@testmail.com,Same Tech,Customer feedback,high,NSW
+61270100078,Liz,Arnold,liz.arnold@testmail.com,New Ventures,Appointment reminder,medium,NSW
+61270100079,Rob,Wagner,rob.wagner@testmail.com,Old Solutions,Billing inquiry,low,NSW
+61270100080,Jan,Harvey,jan.harvey@testmail.com,Good Services,Order confirmation,high,NSW
+61270100081,Ted,Burton,ted.burton@testmail.com,Bad Holdings,Support request,medium,NSW
+61270100082,Sue,Nguyen,sue.nguyen@testmail.com,Big Industries,Renewal notice,low,NSW
+61270100083,Tom,Kelley,tom.kelley@testmail.com,Small Enterprises,Product demo,high,NSW
+61270100084,Lou,George,lou.george@testmail.com,Long Corp,Contract review,medium,NSW
+61270100085,Ray,Jacobs,ray.jacobs@testmail.com,Short Tech,Technical support,low,NSW
+61270100086,Bev,Reid,bev.reid@testmail.com,High Ventures,Sales inquiry,high,NSW
+61270100087,Ned,Kim,ned.kim@testmail.com,Low Solutions,Account update,medium,NSW
+61270100088,Una,Medina,una.medina@testmail.com,Wide Services,Payment reminder,low,NSW
+61270100089,Cal,Aguilar,cal.aguilar@testmail.com,Narrow Holdings,Product inquiry,high,NSW
+61270100090,Fay,Stevens,fay.stevens@testmail.com,Deep Industries,Service follow-up,medium,NSW
+61270100091,Les,Tucker,les.tucker@testmail.com,Shallow Enterprises,Account verification,low,NSW
+61270100092,Dot,Simpson,dot.simpson@testmail.com,Thick Corp,Sales call,high,NSW
+61270100093,Gus,Porter,gus.porter@testmail.com,Thin Tech,Customer feedback,medium,NSW
+61270100094,Hal,Hunter,hal.hunter@testmail.com,Heavy Ventures,Appointment reminder,low,NSW
+61270100095,Ike,Hicks,ike.hicks@testmail.com,Light Solutions,Billing inquiry,high,NSW
+61270100096,Jeb,Crawford,jeb.crawford@testmail.com,Fast Services,Order confirmation,medium,NSW
+61270100097,Kit,Henry,kit.henry@testmail.com,Slow Holdings,Support request,low,NSW
+61270100098,Len,Boyd,len.boyd@testmail.com,Hot Industries,Renewal notice,high,NSW
+61270100099,Mel,Mason,mel.mason@testmail.com,Cold Enterprises,Product demo,medium,NSW
+61270100100,Nan,Morales,nan.morales@testmail.com,Warm Corp,Contract review,low,NSW
+61355500051,Otis,Kennedy,otis.kennedy@testmail.com,Cool Tech,Technical support,high,VIC
+61355500052,Pam,Warren,pam.warren@testmail.com,Dry Ventures,Sales inquiry,medium,VIC
+61355500053,Quin,Dixon,quin.dixon@testmail.com,Wet Solutions,Account update,low,VIC
+61355500054,Rita,Ramos,rita.ramos@testmail.com,Hard Services,Payment reminder,high,VIC
+61355500055,Seth,Reyes,seth.reyes@testmail.com,Soft Holdings,Product inquiry,medium,VIC
+61355500056,Tina,Burns,tina.burns@testmail.com,Loud Industries,Service follow-up,low,VIC
+61355500057,Ugo,Gordon,ugo.gordon@testmail.com,Quiet Enterprises,Account verification,high,VIC
+61355500058,Vern,Shaw,vern.shaw@testmail.com,Bright Corp,Sales call,medium,VIC
+61355500059,Walt,Holmes,walt.holmes@testmail.com,Dark Tech,Customer feedback,low,VIC
+61355500060,Xena,Rice,xena.rice@testmail.com,Clear Ventures,Appointment reminder,high,VIC
+61355500061,York,Robertson,york.robertson@testmail.com,Cloudy Solutions,Billing inquiry,medium,VIC
+61355500062,Zara,Hunt,zara.hunt@testmail.com,Sunny Services,Order confirmation,low,VIC
+61355500063,Abel,Black,abel.black@testmail.com,Rainy Holdings,Support request,high,VIC
+61355500064,Bree,Daniels,bree.daniels@testmail.com,Snowy Industries,Renewal notice,medium,VIC
+61355500065,Cade,Palmer,cade.palmer@testmail.com,Windy Enterprises,Product demo,low,VIC
+61355500066,Dawn,Mills,dawn.mills@testmail.com,Foggy Corp,Contract review,high,VIC
+61355500067,Earl,Nichols,earl.nichols@testmail.com,Misty Tech,Technical support,medium,VIC
+61355500068,Fern,Grant,fern.grant@testmail.com,Dusty Ventures,Sales inquiry,low,VIC
+61355500069,Gene,Knight,gene.knight@testmail.com,Sandy Solutions,Account update,high,VIC
+61355500070,Hope,Ferguson,hope.ferguson@testmail.com,Rocky Services,Payment reminder,medium,VIC
+61355500071,Ivan,Rose,ivan.rose@testmail.com,Muddy Holdings,Product inquiry,low,VIC
+61355500072,June,Stone,june.stone@testmail.com,Icy Industries,Service follow-up,high,VIC
+61355500073,Kirk,Hawkins,kirk.hawkins@testmail.com,Salty Enterprises,Account verification,medium,VIC
+61355500074,Lynn,Dunn,lynn.dunn@testmail.com,Sweet Corp,Sales call,low,VIC
+61355500075,Mark,Perkins,mark.perkins@testmail.com,Sour Tech,Customer feedback,high,VIC
+61355500076,Nell,Hudson,nell.hudson@testmail.com,Bitter Ventures,Appointment reminder,medium,VIC
+61355500077,Omar,Spencer,omar.spencer@testmail.com,Spicy Solutions,Billing inquiry,low,VIC
+61355500078,Phil,Gardner,phil.gardner@testmail.com,Mild Services,Order confirmation,high,VIC
+61355500079,Quinn,Stephens,quinn.stephens@testmail.com,Rich Holdings,Support request,medium,VIC
+61355500080,Rene,Payne,rene.payne@testmail.com,Poor Industries,Renewal notice,low,VIC
+61355500081,Stan,Pierce,stan.pierce@testmail.com,Free Enterprises,Product demo,high,VIC
+61355500082,Tara,Berry,tara.berry@testmail.com,Busy Corp,Contract review,medium,VIC
+61355500083,Uber,Matthews,uber.matthews@testmail.com,Idle Tech,Technical support,low,VIC
+61355500084,Vera,Arnold,vera.arnold@testmail.com,Full Ventures,Sales inquiry,high,VIC
+61355500085,Wayne,Wagner,wayne.wagner@testmail.com,Empty Solutions,Account update,medium,VIC
+61355500086,Xander,Harvey,xander.harvey@testmail.com,Open Services,Payment reminder,low,VIC
+61355500087,Yves,Burton,yves.burton@testmail.com,Closed Holdings,Product inquiry,high,VIC
+61355500088,Zelda,Nguyen,zelda.nguyen@testmail.com,Public Industries,Service follow-up,medium,VIC
+61355500089,Abby,Kelley,abby.kelley@testmail.com,Private Enterprises,Account verification,low,VIC
+61355500090,Brad,George,brad.george@testmail.com,Local Corp,Sales call,high,VIC
+61355500091,Cara,Jacobs,cara.jacobs@testmail.com,Global Tech,Customer feedback,medium,VIC
+61355500092,Drew,Reid,drew.reid@testmail.com,Urban Ventures,Appointment reminder,low,VIC
+61355500093,Eden,Kim,eden.kim@testmail.com,Rural Solutions,Billing inquiry,high,VIC
+61355500094,Fred,Medina,fred.medina@testmail.com,Modern Services,Order confirmation,medium,VIC
+61355500095,Gail,Aguilar,gail.aguilar@testmail.com,Classic Holdings,Support request,low,VIC
+61355500096,Hank,Stevens,hank.stevens@testmail.com,Future Industries,Renewal notice,high,VIC
+61355500097,Isla,Tucker,isla.tucker@testmail.com,Past Enterprises,Product demo,medium,VIC
+61355500098,Jude,Simpson,jude.simpson@testmail.com,Present Corp,Contract review,low,VIC
+61355500099,Kate,Porter,kate.porter@testmail.com,Central Tech,Technical support,high,VIC
+61355500100,Lars,Hunter,lars.hunter@testmail.com,North Ventures,Sales inquiry,medium,VIC
+61370100051,Mara,Hicks,mara.hicks@testmail.com,South Solutions,Account update,low,VIC
+61370100052,Nash,Crawford,nash.crawford@testmail.com,East Services,Payment reminder,high,VIC
+61370100053,Olga,Henry,olga.henry@testmail.com,West Holdings,Product inquiry,medium,VIC
+61370100054,Pete,Boyd,pete.boyd@testmail.com,Front Industries,Service follow-up,low,VIC
+61370100055,Rosa,Mason,rosa.mason@testmail.com,Back Enterprises,Account verification,high,VIC
+61370100056,Saul,Morales,saul.morales@testmail.com,Top Corp,Sales call,medium,VIC
+61370100057,Uma,Kennedy,uma.kennedy@testmail.com,Bottom Tech,Customer feedback,low,VIC
+61370100058,Vic,Warren,vic.warren@testmail.com,Left Ventures,Appointment reminder,high,VIC
+61370100059,Wes,Dixon,wes.dixon@testmail.com,Right Solutions,Billing inquiry,medium,VIC
+61370100060,Yuri,Ramos,yuri.ramos@testmail.com,Upper Services,Order confirmation,low,VIC
+61370100061,Zeke,Reyes,zeke.reyes@testmail.com,Lower Holdings,Support request,high,VIC
+61370100062,Alma,Burns,alma.burns@testmail.com,Inner Industries,Renewal notice,medium,VIC
+61370100063,Bert,Gordon,bert.gordon@testmail.com,Outer Enterprises,Product demo,low,VIC
+61370100064,Cora,Shaw,cora.shaw@testmail.com,Main Corp,Contract review,high,VIC
+61370100065,Dean,Holmes,dean.holmes@testmail.com,Side Tech,Technical support,medium,VIC
+61370100066,Edna,Rice,edna.rice@testmail.com,Minor Ventures,Sales inquiry,low,VIC
+61370100067,Finn,Robertson,finn.robertson@testmail.com,Major Solutions,Account update,high,VIC
+61370100068,Gwen,Hunt,gwen.hunt@testmail.com,Quick Services,Payment reminder,medium,VIC
+61370100069,Hugo,Black,hugo.black@testmail.com,Steady Holdings,Product inquiry,low,VIC
+61370100070,Ines,Daniels,ines.daniels@testmail.com,Sharp Industries,Service follow-up,high,VIC
+61370100071,Jack,Palmer,jack.palmer@testmail.com,Smooth Enterprises,Account verification,medium,VIC
+61370100072,Kira,Mills,kira.mills@testmail.com,Rough Corp,Sales call,low,VIC
+61370100073,Luis,Nichols,luis.nichols@testmail.com,Gentle Tech,Customer feedback,high,VIC
+61370100074,Mona,Grant,mona.grant@testmail.com,Firm Ventures,Appointment reminder,medium,VIC
+61370100075,Noel,Knight,noel.knight@testmail.com,Loose Solutions,Billing inquiry,low,VIC
+61370100076,Opal,Ferguson,opal.ferguson@testmail.com,Tight Services,Order confirmation,high,VIC
+61370100077,Paul,Rose,paul.rose@testmail.com,Slack Holdings,Support request,medium,VIC
+61370100078,Ruby,Stone,ruby.stone@testmail.com,Strict Industries,Renewal notice,low,VIC
+61370100079,Sean,Hawkins,sean.hawkins@testmail.com,Formal Enterprises,Product demo,high,VIC
+61370100080,Thea,Dunn,thea.dunn@testmail.com,Casual Corp,Contract review,medium,VIC
+61370100081,Umar,Perkins,umar.perkins@testmail.com,Simple Tech,Technical support,low,VIC
+61370100082,Vada,Hudson,vada.hudson@testmail.com,Complex Ventures,Sales inquiry,high,VIC
+61370100083,Will,Spencer,will.spencer@testmail.com,Plain Solutions,Account update,medium,VIC
+61370100084,Xyla,Gardner,xyla.gardner@testmail.com,Fancy Services,Payment reminder,low,VIC
+61370100085,Yale,Stephens,yale.stephens@testmail.com,Basic Holdings,Product inquiry,high,VIC
+61370100086,Zena,Payne,zena.payne@testmail.com,Advanced Industries,Service follow-up,medium,VIC
+61370100087,Alan,Pierce,alan.pierce@testmail.com,Standard Enterprises,Account verification,low,VIC
+61370100088,Bess,Berry,bess.berry@testmail.com,Special Corp,Sales call,high,VIC
+61370100089,Carl,Matthews,carl.matthews@testmail.com,Regular Tech,Customer feedback,medium,VIC
+61370100090,Dora,Arnold,dora.arnold@testmail.com,Normal Ventures,Appointment reminder,low,VIC
+61370100091,Eric,Wagner,eric.wagner@testmail.com,Typical Solutions,Billing inquiry,high,VIC
+61370100092,Flora,Harvey,flora.harvey@testmail.com,Unique Services,Order confirmation,medium,VIC
+61370100093,Gary,Burton,gary.burton@testmail.com,Rare Holdings,Support request,low,VIC
+61370100094,Hilda,Nguyen,hilda.nguyen@testmail.com,Common Industries,Renewal notice,high,VIC
+61370100095,Ivan,Kelley,ivan.kelley@testmail.com,Prime Enterprises,Product demo,medium,VIC
+61370100096,Joan,George,joan.george@testmail.com,Chief Corp,Contract review,low,VIC
+61370100097,Kurt,Jacobs,kurt.jacobs@testmail.com,Senior Tech,Technical support,high,VIC
+61370100098,Lisa,Reid,lisa.reid@testmail.com,Junior Ventures,Sales inquiry,medium,VIC
+61370100099,Mike,Kim,mike.kim@testmail.com,Lead Solutions,Account update,low,VIC
+61370100100,Nina,Medina,nina.medina@testmail.com,Main Services,Payment reminder,high,VIC
+61255500101,Owen,Aguilar,owen.aguilar@testmail.com,Core Holdings,Product inquiry,medium,NSW
+61255500102,Pia,Stevens,pia.stevens@testmail.com,Base Industries,Service follow-up,low,NSW
+61255500103,Russ,Tucker,russ.tucker@testmail.com,Root Enterprises,Account verification,high,NSW
+61255500104,Suki,Simpson,suki.simpson@testmail.com,Stem Corp,Sales call,medium,NSW
+61255500105,Todd,Porter,todd.porter@testmail.com,Branch Tech,Customer feedback,low,NSW
+61255500106,Ursa,Hunter,ursa.hunter@testmail.com,Leaf Ventures,Appointment reminder,high,NSW
+61255500107,Vito,Hicks,vito.hicks@testmail.com,Bloom Solutions,Billing inquiry,medium,NSW
+61255500108,Wynn,Crawford,wynn.crawford@testmail.com,Fruit Services,Order confirmation,low,NSW
+61255500109,Xavier,Henry,xavier.henry@testmail.com,Seed Holdings,Support request,high,NSW
+61255500110,Yuki,Boyd,yuki.boyd@testmail.com,Flower Industries,Renewal notice,medium,NSW
+61255500111,Zach,Mason,zach.mason@testmail.com,Plant Enterprises,Product demo,low,NSW
+61255500112,Aida,Morales,aida.morales@testmail.com,Tree Corp,Contract review,high,NSW
+61255500113,Boyd,Kennedy,boyd.kennedy@testmail.com,Bush Tech,Technical support,medium,NSW
+61255500114,Cleo,Warren,cleo.warren@testmail.com,Herb Ventures,Sales inquiry,low,NSW
+61255500115,Dale,Dixon,dale.dixon@testmail.com,Grass Solutions,Account update,high,NSW
+61255500116,Edie,Ramos,edie.ramos@testmail.com,Moss Services,Payment reminder,medium,NSW
+61255500117,Ford,Reyes,ford.reyes@testmail.com,Fern Holdings,Product inquiry,low,NSW
+61255500118,Gina,Burns,gina.burns@testmail.com,Vine Industries,Service follow-up,high,NSW
+61255500119,Hugh,Gordon,hugh.gordon@testmail.com,Reed Enterprises,Account verification,medium,NSW
+61255500120,Ida,Shaw,ida.shaw@testmail.com,Palm Corp,Sales call,low,NSW
+61255500121,Jace,Holmes,jace.holmes@testmail.com,Pine Tech,Customer feedback,high,NSW
+61255500122,Kali,Rice,kali.rice@testmail.com,Oak Ventures,Appointment reminder,medium,NSW
+61255500123,Lane,Robertson,lane.robertson@testmail.com,Maple Solutions,Billing inquiry,low,NSW
+61255500124,Myra,Hunt,myra.hunt@testmail.com,Cedar Services,Order confirmation,high,NSW
+61255500125,Neal,Black,neal.black@testmail.com,Birch Holdings,Support request,medium,NSW
+61255500126,Ona,Daniels,ona.daniels@testmail.com,Elm Industries,Renewal notice,low,NSW
+61255500127,Penn,Palmer,penn.palmer@testmail.com,Ash Enterprises,Product demo,high,NSW
+61255500128,Reva,Mills,reva.mills@testmail.com,Beech Corp,Contract review,medium,NSW
+61255500129,Skip,Nichols,skip.nichols@testmail.com,Willow Tech,Technical support,low,NSW
+61255500130,Tori,Grant,tori.grant@testmail.com,Hickory Ventures,Sales inquiry,high,NSW
+61255500131,Uri,Knight,uri.knight@testmail.com,Walnut Solutions,Account update,medium,NSW
+61255500132,Val,Ferguson,val.ferguson@testmail.com,Chestnut Services,Payment reminder,low,NSW
+61255500133,Walt,Rose,walt.rose@testmail.com,Acorn Holdings,Product inquiry,high,NSW
+61255500134,Xena,Stone,xena.stone@testmail.com,Pinecone Industries,Service follow-up,medium,NSW
+61255500135,Yara,Hawkins,yara.hawkins@testmail.com,Spruce Enterprises,Account verification,low,NSW
+61255500136,Zion,Dunn,zion.dunn@testmail.com,Juniper Corp,Sales call,high,NSW
+61255500137,Alec,Perkins,alec.perkins@testmail.com,Cypress Tech,Customer feedback,medium,NSW
+61255500138,Brit,Hudson,brit.hudson@testmail.com,Redwood Ventures,Appointment reminder,low,NSW
+61255500139,Cole,Spencer,cole.spencer@testmail.com,Sequoia Solutions,Billing inquiry,high,NSW
+61255500140,Dina,Gardner,dina.gardner@testmail.com,Sycamore Services,Order confirmation,medium,NSW
+61255500141,Elon,Stephens,elon.stephens@testmail.com,Magnolia Holdings,Support request,low,NSW
+61255500142,Faye,Payne,faye.payne@testmail.com,Dogwood Industries,Renewal notice,high,NSW
+61255500143,Greg,Pierce,greg.pierce@testmail.com,Hawthorn Enterprises,Product demo,medium,NSW
+61255500144,Hedy,Berry,hedy.berry@testmail.com,Hemlock Corp,Contract review,low,NSW
+61255500145,Igor,Matthews,igor.matthews@testmail.com,Linden Tech,Technical support,high,NSW
+61255500146,Jade,Arnold,jade.arnold@testmail.com,Poplar Ventures,Sales inquiry,medium,NSW
+61255500147,Kemp,Wagner,kemp.wagner@testmail.com,Aspen Solutions,Account update,low,NSW
+61255500148,Lila,Harvey,lila.harvey@testmail.com,Alder Services,Payment reminder,high,NSW
+61255500149,Milo,Burton,milo.burton@testmail.com,Locust Holdings,Product inquiry,medium,NSW
+61255500150,Neva,Nguyen,neva.nguyen@testmail.com,Mulberry Industries,Service follow-up,low,NSW
+61270100101,Otto,Kelley,otto.kelley@testmail.com,Olive Enterprises,Account verification,high,NSW
+61270100102,Prue,George,prue.george@testmail.com,Fig Corp,Sales call,medium,NSW
+61270100103,Reed,Jacobs,reed.jacobs@testmail.com,Apple Tech,Customer feedback,low,NSW
+61270100104,Sara,Reid,sara.reid@testmail.com,Pear Ventures,Appointment reminder,high,NSW
+61270100105,Tate,Kim,tate.kim@testmail.com,Plum Solutions,Billing inquiry,medium,NSW
+61270100106,Uma,Medina,uma.medina@testmail.com,Cherry Services,Order confirmation,low,NSW
+61270100107,Von,Aguilar,von.aguilar@testmail.com,Peach Holdings,Support request,high,NSW
+61270100108,Ward,Stevens,ward.stevens@testmail.com,Apricot Industries,Renewal notice,medium,NSW
+61270100109,Xyla,Tucker,xyla.tucker@testmail.com,Mango Enterprises,Product demo,low,NSW
+61270100110,York,Simpson,york.simpson@testmail.com,Papaya Corp,Contract review,high,NSW
+61270100111,Zola,Porter,zola.porter@testmail.com,Guava Tech,Technical support,medium,NSW
+61270100112,Anya,Hunter,anya.hunter@testmail.com,Kiwi Ventures,Sales inquiry,low,NSW
+61270100113,Bram,Hicks,bram.hicks@testmail.com,Lemon Solutions,Account update,high,NSW
+61270100114,Cass,Crawford,cass.crawford@testmail.com,Lime Services,Payment reminder,medium,NSW
+61270100115,Dirk,Henry,dirk.henry@testmail.com,Orange Holdings,Product inquiry,low,NSW
+61270100116,Elsa,Boyd,elsa.boyd@testmail.com,Grape Industries,Service follow-up,high,NSW
+61270100117,Fitz,Mason,fitz.mason@testmail.com,Berry Enterprises,Account verification,medium,NSW
+61270100118,Gena,Morales,gena.morales@testmail.com,Melon Corp,Sales call,low,NSW
+61270100119,Hans,Kennedy,hans.kennedy@testmail.com,Banana Tech,Customer feedback,high,NSW
+61270100120,Inga,Warren,inga.warren@testmail.com,Coconut Ventures,Appointment reminder,medium,NSW
+61270100121,Jess,Dixon,jess.dixon@testmail.com,Pineapple Solutions,Billing inquiry,low,NSW
+61270100122,Kane,Ramos,kane.ramos@testmail.com,Starfruit Services,Order confirmation,high,NSW
+61270100123,Lexi,Reyes,lexi.reyes@testmail.com,Dragonfruit Holdings,Support request,medium,NSW
+61270100124,Moss,Burns,moss.burns@testmail.com,Passion Industries,Renewal notice,low,NSW
+61270100125,Nyla,Gordon,nyla.gordon@testmail.com,Lychee Enterprises,Product demo,high,NSW
+61270100126,Odin,Shaw,odin.shaw@testmail.com,Rambutan Corp,Contract review,medium,NSW
+61270100127,Pia,Holmes,pia.holmes@testmail.com,Durian Tech,Technical support,low,NSW
+61270100128,Rafe,Rice,rafe.rice@testmail.com,Jackfruit Ventures,Sales inquiry,high,NSW
+61270100129,Sage,Robertson,sage.robertson@testmail.com,Breadfruit Solutions,Account update,medium,NSW
+61270100130,Tad,Hunt,tad.hunt@testmail.com,Plantain Services,Payment reminder,low,NSW
+61270100131,Una,Black,una.black@testmail.com,Tamarind Holdings,Product inquiry,high,NSW
+61270100132,Vern,Daniels,vern.daniels@testmail.com,Carambola Industries,Service follow-up,medium,NSW
+61270100133,Webb,Palmer,webb.palmer@testmail.com,Pomelo Enterprises,Account verification,low,NSW
+61270100134,Xeno,Mills,xeno.mills@testmail.com,Tangerine Corp,Sales call,high,NSW
+61270100135,Yoko,Nichols,yoko.nichols@testmail.com,Mandarin Tech,Customer feedback,medium,NSW
+61270100136,Zev,Grant,zev.grant@testmail.com,Clementine Ventures,Appointment reminder,low,NSW
+61270100137,Amos,Knight,amos.knight@testmail.com,Satsuma Solutions,Billing inquiry,high,NSW
+61270100138,Beth,Ferguson,beth.ferguson@testmail.com,Kumquat Services,Order confirmation,medium,NSW
+61270100139,Chad,Rose,chad.rose@testmail.com,Quince Holdings,Support request,low,NSW
+61270100140,Demi,Stone,demi.stone@testmail.com,Persimmon Industries,Renewal notice,high,NSW
+61270100141,Evan,Hawkins,evan.hawkins@testmail.com,Medlar Enterprises,Product demo,medium,NSW
+61270100142,Fawn,Dunn,fawn.dunn@testmail.com,Mulberry Corp,Contract review,low,NSW
+61270100143,Gage,Perkins,gage.perkins@testmail.com,Elderberry Tech,Technical support,high,NSW
+61270100144,Hope,Hudson,hope.hudson@testmail.com,Blackberry Ventures,Sales inquiry,medium,NSW
+61270100145,Ira,Spencer,ira.spencer@testmail.com,Raspberry Solutions,Account update,low,NSW
+61270100146,Jada,Gardner,jada.gardner@testmail.com,Blueberry Services,Payment reminder,high,NSW
+61270100147,Kai,Stephens,kai.stephens@testmail.com,Strawberry Holdings,Product inquiry,medium,NSW
+61270100148,Lark,Payne,lark.payne@testmail.com,Cranberry Industries,Service follow-up,low,NSW
+61270100149,Mack,Pierce,mack.pierce@testmail.com,Gooseberry Enterprises,Account verification,high,NSW
+61270100150,Nell,Berry,nell.berry@testmail.com,Boysenberry Corp,Sales call,medium,NSW
+61355500101,Omar,Matthews,omar.matthews@testmail.com,Loganberry Tech,Customer feedback,low,VIC
+61355500102,Pax,Arnold,pax.arnold@testmail.com,Huckleberry Ventures,Appointment reminder,high,VIC
+61355500103,Quinn,Wagner,quinn.wagner@testmail.com,Cloudberry Solutions,Billing inquiry,medium,VIC
+61355500104,Romy,Harvey,romy.harvey@testmail.com,Dewberry Services,Order confirmation,low,VIC
+61355500105,Sven,Burton,sven.burton@testmail.com,Lingonberry Holdings,Support request,high,VIC
+61355500106,Tess,Nguyen,tess.nguyen@testmail.com,Chokeberry Industries,Renewal notice,medium,VIC
+61355500107,Upton,Kelley,upton.kelley@testmail.com,Barberry Enterprises,Product demo,low,VIC
+61355500108,Vince,George,vince.george@testmail.com,Bearberry Corp,Contract review,high,VIC
+61355500109,Wen,Jacobs,wen.jacobs@testmail.com,Bayberry Tech,Technical support,medium,VIC
+61355500110,Xan,Reid,xan.reid@testmail.com,Buffaloberry Ventures,Sales inquiry,low,VIC
+61355500111,Yancy,Kim,yancy.kim@testmail.com,Serviceberry Solutions,Account update,high,VIC
+61355500112,Zara,Medina,zara.medina@testmail.com,Hackberry Services,Payment reminder,medium,VIC
+61355500113,Axel,Aguilar,axel.aguilar@testmail.com,Snowberry Holdings,Product inquiry,low,VIC
+61355500114,Bree,Stevens,bree.stevens@testmail.com,Silverbells Industries,Service follow-up,high,VIC
+61355500115,Cruz,Tucker,cruz.tucker@testmail.com,Goldenrod Enterprises,Account verification,medium,VIC
+61355500116,Drey,Simpson,drey.simpson@testmail.com,Silverleaf Corp,Sales call,low,VIC
+61355500117,Enya,Porter,enya.porter@testmail.com,Goldenrain Tech,Customer feedback,high,VIC
+61355500118,Finn,Hunter,finn.hunter@testmail.com,Silvertip Ventures,Appointment reminder,medium,VIC
+61355500119,Gigi,Hicks,gigi.hicks@testmail.com,Goldcrest Solutions,Billing inquiry,low,VIC
+61355500120,Hart,Crawford,hart.crawford@testmail.com,Silverbell Services,Order confirmation,high,VIC
+61355500121,Ivy,Henry,ivy.henry@testmail.com,Goldfinch Holdings,Support request,medium,VIC
+61355500122,Jake,Boyd,jake.boyd@testmail.com,Silverfish Industries,Renewal notice,low,VIC
+61355500123,Knox,Mason,knox.mason@testmail.com,Goldleaf Enterprises,Product demo,high,VIC
+61355500124,Lola,Morales,lola.morales@testmail.com,Silverpine Corp,Contract review,medium,VIC
+61355500125,Max,Kennedy,max.kennedy@testmail.com,Goldsmith Tech,Technical support,low,VIC
+61355500126,Nico,Warren,nico.warren@testmail.com,Silverstone Ventures,Sales inquiry,high,VIC
+61355500127,Oona,Dixon,oona.dixon@testmail.com,Goldwater Solutions,Account update,medium,VIC
+61355500128,Paz,Ramos,paz.ramos@testmail.com,Silverstream Services,Payment reminder,low,VIC
+61355500129,Rain,Reyes,rain.reyes@testmail.com,Goldhill Holdings,Product inquiry,high,VIC
+61355500130,Skye,Burns,skye.burns@testmail.com,Silverlake Industries,Service follow-up,medium,VIC
+61355500131,Troy,Gordon,troy.gordon@testmail.com,Goldridge Enterprises,Account verification,low,VIC
+61355500132,Unay,Shaw,unay.shaw@testmail.com,Silverton Corp,Sales call,high,VIC
+61355500133,Vale,Holmes,vale.holmes@testmail.com,Goldbrook Tech,Customer feedback,medium,VIC
+61355500134,Wolf,Rice,wolf.rice@testmail.com,Silverview Ventures,Appointment reminder,low,VIC
+61355500135,Xavi,Robertson,xavi.robertson@testmail.com,Goldfield Solutions,Billing inquiry,high,VIC
+61355500136,Yule,Hunt,yule.hunt@testmail.com,Silvervale Services,Order confirmation,medium,VIC
+61355500137,Zion,Black,zion.black@testmail.com,Goldspring Holdings,Support request,low,VIC
+61355500138,Aria,Daniels,aria.daniels@testmail.com,Silvercrest Industries,Renewal notice,high,VIC
+61355500139,Beau,Palmer,beau.palmer@testmail.com,Goldrun Enterprises,Product demo,medium,VIC
+61355500140,Cali,Mills,cali.mills@testmail.com,Silverdale Corp,Contract review,low,VIC
+61355500141,Dax,Nichols,dax.nichols@testmail.com,Goldbay Tech,Technical support,high,VIC
+61355500142,Echo,Grant,echo.grant@testmail.com,Silverwood Ventures,Sales inquiry,medium,VIC
+61355500143,Fox,Knight,fox.knight@testmail.com,Goldport Solutions,Account update,low,VIC
+61355500144,Grey,Ferguson,grey.ferguson@testmail.com,Silverrock Services,Payment reminder,high,VIC
+61355500145,Haze,Rose,haze.rose@testmail.com,Goldcove Holdings,Product inquiry,medium,VIC
+61355500146,Iris,Stone,iris.stone@testmail.com,Silverpoint Industries,Service follow-up,low,VIC
+61355500147,Jett,Hawkins,jett.hawkins@testmail.com,Goldhaven Enterprises,Account verification,high,VIC
+61355500148,Koda,Dunn,koda.dunn@testmail.com,Silvergate Corp,Sales call,medium,VIC
+61355500149,Levi,Perkins,levi.perkins@testmail.com,Goldpeek Tech,Customer feedback,low,VIC
+61355500150,Mika,Hudson,mika.hudson@testmail.com,Silveredge Ventures,Appointment reminder,high,VIC

